{
  "embedded_so_far": 269046,
  "baseline_missing": 275259,
  "percent": 97.742853,
  "remaining_estimate": 6213,
  "rate_docs_per_sec": 20.193664374913133,
  "eta_minutes": 5.1278459460107495,
  "elapsed_seconds": 13323.28869342804,
  "batches_processed": 125,
  "timestamp": 1759858903.1271017
}