{
  "embedded_so_far": 52480,
  "baseline_missing": 276440,
  "percent": 18.984228,
  "remaining_estimate": 27199,
  "rate_docs_per_sec": 48.85579494981002,
  "eta_minutes": 76.40171796408733,
  "elapsed_seconds": 1074.1897411346436,
  "batches_processed": 105,
  "timestamp": 1759777868.4281516
}